Workbook

Sheet 2021
A1: No | B1: Provinsi | C1: Fisik | D1: Psikis | E1: Seksual | F1: Eksploitasi | G1: TPPO | H1: Penelantaran | I1: Lainnya | J1: Total
A2: 1 | B2: Aceh | C2: 251 | D2: 381 | E2: 237 | F2: 9 | G2: 2 | H2: 177 | I2: 122 | J2: =SUM(C2:I2) -> 1179
A3: 2 | B3: Sumatera Utara | C3: 501 | D3: 321 | E3: 641 | F3: 15 | G3: 6 | H3: 154 | I3: 139 | J3: =SUM(C3:I3) -> 1777
A4: 3 | B4: Sumatera Barat | C4: 221 | D4: 124 | E4: 402 | F4: 7 | G4: 1 | H4: 71 | I4: 127 | J4: =SUM(C4:I4) -> 953
A5: 4 | B5: Riau | C5: 132 | D5: 164 | E5: 373 | F5: 4 | G5: 7 | H5: 58 | I5: 203 | J5: =SUM(C5:I5) -> 941
A6: 5 | B6: Kepulauan Riau | C6: 144 | D6: 156 | E6: 202 | F6: 4 | G6: 12 | H6: 38 | I6: 50 | J6: =SUM(C6:I6) -> 606
A7: 6 | B7: Jambi | C7: 153 | D7: 99 | E7: 187 | F7: 3 | G7: 4 | H7: 27 | I7: 15 | J7: =SUM(C7:I7) -> 488
A8: 7 | B8: Bengkulu | C8: 40 | D8: 74 | E8: 115 | F8: 1 | G8: 1 | H8: 8 | I8: 17 | J8: =SUM(C8:I8) -> 256
A9: 8 | B9: Sumatera Selatan | C9: 232 | D9: 149 | E9: 195 | F9: 9 | G9: 2 | H9: 51 | I9: 35 | J9: =SUM(C9:I9) -> 673
A10: 9 | B10: Lampung | C10: 224 | D10: 215 | E10: 451 | F10: 6 | G10: 15 | H10: 20 | I10: 57 | J10: =SUM(C10:I10) -> 988
A11: 10 | B11: Kepulauan Bangka | C11: 85 | D11: 72 | E11: 72 | F11: 1 | G11: 5 | H11: 16 | I11: 16 | J11: =SUM(C11:I11) -> 267
A12: 11 | B12: Banten | C12: 276 | D12: 321 | E12: 343 | F12: 15 | G12: 18 | H12: 81 | I12: 85 | J12: =SUM(C12:I12) -> 1139
A13: 12 | B13: Jakarta | C13: 434 | D13: 441 | E13: 460 | F13: 53 | G13: 239 | H13: 92 | I13: 64 | J13: =SUM(C13:I13) -> 1783
... A39: 38 | B39: Papua Selatan | C39: 39 | D39: 33 | E39: 38 | F39: 0 | G39: 0 | H39: 7 | I39: 1 | J39: =SUM(C39:I39) -> 118

Sheet 2022
A1: No | B1: Provinsi | C1: Fisik | D1: Psikis | E1: Seksual | F1: Eksploitasi | G1: TPPO | H1: Penelantaran | I1: Lainnya | J1: Total
A2: 1 | B2: Aceh | C2: 298 | D2: 399 | E2: 302 | F2: 10 | G2: 2 | H2: 179 | I2: 96 | J2: =SUM(C2:I2) -> 1286
A3: 2 | B3: Sumatera Utara | C3: 675 | D3: 281 | E3: 624 | F3: 12 | G3: 3 | H3: 156 | I3: 137 | J3: =SUM(C3:I3) -> 1888
A4: 3 | B4: Sumatera Barat | C4: 264 | D4: 168 | E4: 416 | F4: 5 | G4: 3 | H4: 60 | I4: 81 | J4: =SUM(C4:I4) -> 997
A5: 4 | B5: Riau | C5: 215 | D5: 282 | E5: 451 | F5: 3 | G5: 5 | H5: 60 | I5: 212 | J5: =SUM(C5:I5) -> 1228
A6: 5 | B6: Kepulauan Riau | C6: 121 | D6: 145 | E6: 253 | F6: 9 | G6: 52 | H6: 29 | I6: 159 | J6: =SUM(C6:I6) -> 768
A7: 6 | B7: Jambi | C7: 132 | D7: 91 | E7: 161 | F7: 1 | G7: 3 | H7: 22 | I7: 41 | J7: =SUM(C7:I7) -> 451
A8: 7 | B8: Bengkulu | C8: 81 | D8: 85 | E8: 140 | F8: 5 | G8: 7 | H8: 19 | I8: 19 | J8: =SUM(C8:I8) -> 356
A9: 8 | B9: Sumatera Selatan | C9: 228 | D9: 103 | E9: 256 | F9: 0 | G9: 1 | H9: 40 | I9: 62 | J9: =SUM(C9:I9) -> 690
A10: 9 | B10: Lampung | C10: 152 | D10: 186 | E10: 508 | F10: 15 | G10: 12 | H10: 11 | I10: 48 | J10: =SUM(C10:I10) -> 932
A11: 10 | B11: Kepulauan Bangka | C11: 92 | D11: 66 | E11: 86 | F11: 3 | G11: 4 | H11: 12 | I11: 9 | J11: =SUM(C11:I11) -> 272
A12: 11 | B12: Banten | C12: 316 | D12: 338 | E12: 465 | F12: 4 | G12: 21 | H12: 56 | I12: 118 | J12: =SUM(C12:I12) -> 1318
A13: 12 | B13: Jakarta | C13: 560 | D13: 533 | E13: 587 | F13: 19 | G13: 137 | H13: 101 | I13: 123 | J13: =SUM(C13:I13) -> 2060
... A39: 38 | B39: Papua Selatan | C39: 60 | D39: 67 | E39: 57 | F39: 0 | G39: 0 | H39: 16 | I39: 5 | J39: =SUM(C39:I39) -> 205

Sheet 2023
A1: No | B1: Provinsi | C1: Fisik | D1: Psikis | E1: Seksual | F1: Eksploitasi | G1: TPPO | H1: Penelantaran | I1: Lainnya | J1: Total
A2: 1 | B2: Aceh | C2: 309 | D2: 297 | E2: 342 | F2: 3 | G2: 5 | H2: 164 | I2: 155 | J2: =SUM(C2:I2) -> 1275
A3: 2 | B3: Sumatera Utara | C3: 831 | D3: 293 | E3: 758 | F3: 13 | G3: 2 | H3: 185 | I3: 224 | J3: =SUM(C3:I3) -> 2306
A4: 3 | B4: Sumatera Barat | C4: 279 | D4: 259 | E4: 501 | F4: 11 | G4: 3 | H4: 46 | I4: 73 | J4: =SUM(C4:I4) -> 1172
A5: 4 | B5: Riau | C5: 223 | D5: 298 | E5: 582 | F5: 16 | G5: 5 | H5: 59 | I5: 192 | J5: =SUM(C5:I5) -> 1375
A6: 5 | B6: Kepulauan Riau | C6: 169 | D6: 158 | E6: 270 | F6: 15 | G6: 34 | H6: 49 | I6: 96 | J6: =SUM(C6:I6) -> 791
A7: 6 | B7: Jambi | C7: 162 | D7: 167 | E7: 227 | F7: 3 | G7: 25 | H7: 29 | I7: 43 | J7: =SUM(C7:I7) -> 656
A8: 7 | B8: Bengkulu | C8: 140 | D8: 71 | E8: 159 | F8: 13 | G8: 3 | H8: 24 | I8: 33 | J8: =SUM(C8:I8) -> 443
A9: 8 | B9: Sumatera Selatan | C9: 267 | D9: 139 | E9: 281 | F9: 1 | G9: 6 | H9: 34 | I9: 74 | J9: =SUM(C9:I9) -> 802
A10: 9 | B10: Lampung | C10: 212 | D10: 136 | E10: 546 | F10: 2 | G10: 11 | H10: 8 | I10: 31 | J10: =SUM(C10:I10) -> 946
A11: 10 | B11: Kepulauan Bangka | C11: 138 | D11: 84 | E11: 111 | F11: 0 | G11: 2 | H11: 11 | I11: 37 | J11: =SUM(C11:I11) -> 383
A12: 11 | B12: Banten | C12: 327 | D12: 440 | E12: 558 | F12: 7 | G12: 11 | H12: 46 | I12: 63 | J12: =SUM(C12:I12) -> 1452
A13: 12 | B13: Jakarta | C13: 313 | D13: 326 | E13: 356 | F13: 7 | G13: 17 | H13: 36 | I13: 62 | J13: =SUM(C13:I13) -> 1117
... A39: 38 | B39: Papua Selatan | C39: 72 | D39: 75 | E39: 48 | F39: 2 | G39: 0 | H39: 32 | I39: 4 | J39: =SUM(C39:I39) -> 233

Sheet 2024
A1: No | B1: Provinsi | C1: Fisik | D1: Psikis | E1: Seksual | F1: Eksploitasi | G1: TPPO | H1: Penelantaran | I1: Lainnya | J1: Total
A2: 1 | B2: Aceh | C2: 427 | D2: 413 | E2: 354 | F2: 6 | G2: 3 | H2: 128 | I2: 150 | J2: =SUM(C2:I2) -> 1481
A3: 2 | B3: Sumatera Utara | C3: 625 | D3: 360 | E3: 734 | F3: 7 | G3: 7 | H3: 213 | I3: 160 | J3: =SUM(C3:I3) -> 2106
A4: 3 | B4: Sumatera Barat | C4: 301 | D4: 343 | E4: 547 | F4: 10 | G4: 6 | H4: 57 | I4: 52 | J4: =SUM(C4:I4) -> 1316
A5: 4 | B5: Riau | C5: 240 | D5: 286 | E5: 636 | F5: 20 | G5: 10 | H5: 83 | I5: 225 | J5: =SUM(C5:I5) -> 1500
A6: 5 | B6: Kepulauan Riau | C6: 144 | D6: 95 | E6: 295 | F6: 2 | G6: 65 | H6: 22 | I6: 30 | J6: =SUM(C6:I6) -> 653
A7: 6 | B7: Jambi | C7: 187 | D7: 156 | E7: 272 | F7: 7 | G7: 23 | H7: 48 | I7: 33 | J7: =SUM(C7:I7) -> 726
A8: 7 | B8: Bengkulu | C8: 108 | D8: 40 | E8: 155 | F8: 6 | G8: 9 | H8: 17 | I8: 10 | J8: =SUM(C8:I8) -> 345
A9: 8 | B9: Sumatera Selatan | C9: 276 | D9: 178 | E9: 231 | F9: 2 | G9: 11 | H9: 34 | I9: 48 | J9: =SUM(C9:I9) -> 780
A10: 9 | B10: Lampung | C10: 188 | D10: 93 | E10: 548 | F10: 2 | G10: 13 | H10: 8 | I10: 32 | J10: =SUM(C10:I10) -> 884
A11: 10 | B11: Kepulauan Bangka | C11: 171 | D11: 90 | E11: 125 | F11: 5 | G11: 8 | H11: 18 | I11: 37 | J11: =SUM(C11:I11) -> 454
A12: 11 | B12: Banten | C12: 429 | D12: 479 | E12: 654 | F12: 14 | G12: 5 | H12: 37 | I12: 54 | J12: =SUM(C12:I12) -> 1672
A13: 12 | B13: Jakarta | C13: 867 | D13: 824 | E13: 819 | F13: 22 | G13: 83 | H13: 67 | I13: 13 | J13: =SUM(C13:I13) -> 2695
... A39: 38 | B39: Papua Selatan | C39: 50 | D39: 55 | E39: 35 | F39: 0 | G39: 3 | H39: 30 | I39: 6 | J39: =SUM(C39:I39) -> 179

Sheet 2025
A1: No | B1: Provinsi | C1: Fisik | D1: Psikis | E1: Seksual | F1: Eksploitasi | G1: TPPO | H1: Penelantaran | I1: Lainnya | J1: Total
A2: 1 | B2: Aceh | C2: 327 | D2: 333 | E2: 287 | F2: 9 | G2: 3 | H2: 76 | I2: 151 | J2: =SUM(C2:I2) -> 1186
A3: 2 | B3: Sumatera Utara | C3: 566 | D3: 386 | E3: 618 | F3: 5 | G3: 20 | H3: 114 | I3: 148 | J3: =SUM(C3:I3) -> 1857
A4: 3 | B4: Sumatera Barat | C4: 316 | D4: 349 | E4: 407 | F4: 10 | G4: 0 | H4: 43 | I4: 53 | J4: =SUM(C4:I4) -> 1178
A5: 4 | B5: Riau | C5: 194 | D5: 221 | E5: 479 | F5: 42 | G5: 4 | H5: 47 | I5: 171 | J5: =SUM(C5:I5) -> 1158
A6: 5 | B6: Kepulauan Riau | C6: 165 | D6: 89 | E6: 242 | F6: 0 | G6: 56 | H6: 12 | I6: 31 | J6: =SUM(C6:I6) -> 595
A7: 6 | B7: Jambi | C7: 160 | D7: 124 | E7: 168 | F7: 1 | G7: 8 | H7: 31 | I7: 43 | J7: =SUM(C7:I7) -> 535
A8: 7 | B8: Bengkulu | C8: 127 | D8: 36 | E8: 139 | F8: 2 | G8: 1 | H8: 15 | I8: 25 | J8: =SUM(C8:I8) -> 345
A9: 8 | B9: Sumatera Selatan | C9: 172 | D9: 116 | E9: 192 | F9: 9 | G9: 4 | H9: 20 | I9: 30 | J9: =SUM(C9:I9) -> 543
A10: 9 | B10: Lampung | C10: 282 | D10: 143 | E10: 484 | F10: 3 | G10: 1 | H10: 10 | I10: 34 | J10: =SUM(C10:I10) -> 957
A11: 10 | B11: Kepulauan Bangka | C11: 172 | D11: 104 | E11: 109 | F11: 2 | G11: 5 | H11: 9 | I11: 31 | J11: =SUM(C11:I11) -> 432
A12: 11 | B12: Banten | C12: 380 | D12: 407 | E12: 614 | F12: 12 | G12: 15 | H12: 57 | I12: 39 | J12: =SUM(C12:I12) -> 1524
A13: 12 | B13: Jakarta | C13: 794 | D13: 798 | E13: 723 | F13: 35 | G13: 63 | H13: 34 | I13: 14 | J13: =SUM(C13:I13) -> 2461
... A39: 38 | B39: Papua Selatan | C39: 82 | D39: 119 | E39: 78 | F39: 3 | G39: 0 | H39: 16 | I39: 38 | J39: =SUM(C39:I39) -> 336

Sheet Integrasi
A1: No | B1: Provinsi | C1: Fisik | D1: Psikis | E1: Seksual | F1: Eksploitasi | G1: TPPO | H1: Penelantaran | I1: Lainnya | J1: Cluster
A2: 1 | B2: Aceh | C2: ='2021'!C2+'2022'!C2+'2023'!C2+'2024'!C2+'2025'!C2 -> 1612 | D2: ='2021'!D2+'2022'!D2+'2023'!D2+'2024'!D2+'2025'!D2 -> 1823 | E2: ='2021'!E2+'2022'!E2+'2023'!E2+'2024'!E2+'2025'!E2 -> 1522 | F2: ='2021'!F2+'2022'!F2+'2023'!F2+'2024'!F2+'2025'!F2 -> 37 | G2: ='2021'!G2+'2022'!G2+'2023'!G2+'2024'!G2+'2025'!G2 -> 15 | H2: ='2021'!H2+'2022'!H2+'2023'!H2+'2024'!H2+'2025'!H2 -> 724 | I2: ='2021'!I2+'2022'!I2+'2023'!I2+'2024'!I2+'2025'!I2 -> 674 | J2: C3
A3: 2 | B3: Sumatera Utara | C3: ='2021'!C3+'2022'!C3+'2023'!C3+'2024'!C3+'2025'!C3 -> 3198 | D3: ='2021'!D3+'2022'!D3+'2023'!D3+'2024'!D3+'2025'!D3 -> 1641 | E3: ='2021'!E3+'2022'!E3+'2023'!E3+'2024'!E3+'2025'!E3 -> 3375 | F3: ='2021'!F3+'2022'!F3+'2023'!F3+'2024'!F3+'2025'!F3 -> 52 | G3: ='2021'!G3+'2022'!G3+'2023'!G3+'2024'!G3+'2025'!G3 -> 38 | H3: ='2021'!H3+'2022'!H3+'2023'!H3+'2024'!H3+'2025'!H3 -> 822 | I3: ='2021'!I3+'2022'!I3+'2023'!I3+'2024'!I3+'2025'!I3 -> 808 | J3: C3
A4: 3 | B4: Sumatera Barat | C4: ='2021'!C4+'2022'!C4+'2023'!C4+'2024'!C4+'2025'!C4 -> 1381 | D4: ='2021'!D4+'2022'!D4+'2023'!D4+'2024'!D4+'2025'!D4 -> 1243 | E4: ='2021'!E4+'2022'!E4+'2023'!E4+'2024'!E4+'2025'!E4 -> 2273 | F4: ='2021'!F4+'2022'!F4+'2023'!F4+'2024'!F4+'2025'!F4 -> 43 | G4: ='2021'!G4+'2022'!G4+'2023'!G4+'2024'!G4+'2025'!G4 -> 13 | H4: ='2021'!H4+'2022'!H4+'2023'!H4+'2024'!H4+'2025'!H4 -> 277 | I4: ='2021'!I4+'2022'!I4+'2023'!I4+'2024'!I4+'2025'!I4 -> 386 | J4: C3
A5: 4 | B5: Riau | C5: ='2021'!C5+'2022'!C5+'2023'!C5+'2024'!C5+'2025'!C5 -> 1004 | D5: ='2021'!D5+'2022'!D5+'2023'!D5+'2024'!D5+'2025'!D5 -> 1251 | E5: ='2021'!E5+'2022'!E5+'2023'!E5+'2024'!E5+'2025'!E5 -> 2521 | F5: ='2021'!F5+'2022'!F5+'2023'!F5+'2024'!F5+'2025'!F5 -> 85 | G5: ='2021'!G5+'2022'!G5+'2023'!G5+'2024'!G5+'2025'!G5 -> 31 | H5: ='2021'!H5+'2022'!H5+'2023'!H5+'2024'!H5+'2025'!H5 -> 307 | I5: ='2021'!I5+'2022'!I5+'2023'!I5+'2024'!I5+'2025'!I5 -> 1003 | J5: C3
A6: 5 | B6: Kepulauan Riau | C6: ='2021'!C6+'2022'!C6+'2023'!C6+'2024'!C6+'2025'!C6 -> 743 | D6: ='2021'!D6+'2022'!D6+'2023'!D6+'2024'!D6+'2025'!D6 -> 643 | E6: ='2021'!E6+'2022'!E6+'2023'!E6+'2024'!E6+'2025'!E6 -> 1262 | F6: ='2021'!F6+'2022'!F6+'2023'!F6+'2024'!F6+'2025'!F6 -> 30 | G6: ='2021'!G6+'2022'!G6+'2023'!G6+'2024'!G6+'2025'!G6 -> 219 | H6: ='2021'!H6+'2022'!H6+'2023'!H6+'2024'!H6+'2025'!H6 -> 150 | I6: ='2021'!I6+'2022'!I6+'2023'!I6+'2024'!I6+'2025'!I6 -> 366 | J6: C2
A7: 6 | B7: Jambi | C7: ='2021'!C7+'2022'!C7+'2023'!C7+'2024'!C7+'2025'!C7 -> 794 | D7: ='2021'!D7+'2022'!D7+'2023'!D7+'2024'!D7+'2025'!D7 -> 637 | E7: ='2021'!E7+'2022'!E7+'2023'!E7+'2024'!E7+'2025'!E7 -> 1015 | F7: ='2021'!F7+'2022'!F7+'2023'!F7+'2024'!F7+'2025'!F7 -> 15 | G7: ='2021'!G7+'2022'!G7+'2023'!G7+'2024'!G7+'2025'!G7 -> 63 | H7: ='2021'!H7+'2022'!H7+'2023'!H7+'2024'!H7+'2025'!H7 -> 157 | I7: ='2021'!I7+'2022'!I7+'2023'!I7+'2024'!I7+'2025'!I7 -> 175 | J7: C2
A8: 7 | B8: Bengkulu | C8: ='2021'!C8+'2022'!C8+'2023'!C8+'2024'!C8+'2025'!C8 -> 496 | D8: ='2021'!D8+'2022'!D8+'2023'!D8+'2024'!D8+'2025'!D8 -> 306 | E8: ='2021'!E8+'2022'!E8+'2023'!E8+'2024'!E8+'2025'!E8 -> 708 | F8: ='2021'!F8+'2022'!F8+'2023'!F8+'2024'!F8+'2025'!F8 -> 27 | G8: ='2021'!G8+'2022'!G8+'2023'!G8+'2024'!G8+'2025'!G8 -> 21 | H8: ='2021'!H8+'2022'!H8+'2023'!H8+'2024'!H8+'2025'!H8 -> 83 | I8: ='2021'!I8+'2022'!I8+'2023'!I8+'2024'!I8+'2025'!I8 -> 104 | J8: C2
A9: 8 | B9: Sumatera Selatan | C9: ='2021'!C9+'2022'!C9+'2023'!C9+'2024'!C9+'2025'!C9 -> 1175 | D9: ='2021'!D9+'2022'!D9+'2023'!D9+'2024'!D9+'2025'!D9 -> 685 | E9: ='2021'!E9+'2022'!E9+'2023'!E9+'2024'!E9+'2025'!E9 -> 1155 | F9: ='2021'!F9+'2022'!F9+'2023'!F9+'2024'!F9+'2025'!F9 -> 21 | G9: ='2021'!G9+'2022'!G9+'2023'!G9+'2024'!G9+'2025'!G9 -> 24 | H9: ='2021'!H9+'2022'!H9+'2023'!H9+'2024'!H9+'2025'!H9 -> 179 | I9: ='2021'!I9+'2022'!I9+'2023'!I9+'2024'!I9+'2025'!I9 -> 249 | J9: C2
A10: 9 | B10: Lampung | C10: ='2021'!C10+'2022'!C10+'2023'!C10+'2024'!C10+'2025'!C10 -> 1058 | D10: ='2021'!D10+'2022'!D10+'2023'!D10+'2024'!D10+'2025'!D10 -> 773 | E10: ='2021'!E10+'2022'!E10+'2023'!E10+'2024'!E10+'2025'!E10 -> 2537 | F10: ='2021'!F10+'2022'!F10+'2023'!F10+'2024'!F10+'2025'!F10 -> 28 | G10: ='2021'!G10+'2022'!G10+'2023'!G10+'2024'!G10+'2025'!G10 -> 52 | H10: ='2021'!H10+'2022'!H10+'2023'!H10+'2024'!H10+'2025'!H10 -> 57 | I10: ='2021'!I10+'2022'!I10+'2023'!I10+'2024'!I10+'2025'!I10 -> 202 | J10: C2
A11: 10 | B11: Kepulauan Bangka | C11: ='2021'!C11+'2022'!C11+'2023'!C11+'2024'!C11+'2025'!C11 -> 658 | D11: ='2021'!D11+'2022'!D11+'2023'!D11+'2024'!D11+'2025'!D11 -> 416 | E11: ='2021'!E11+'2022'!E11+'2023'!E11+'2024'!E11+'2025'!E11 -> 503 | F11: ='2021'!F11+'2022'!F11+'2023'!F11+'2024'!F11+'2025'!F11 -> 11 | G11: ='2021'!G11+'2022'!G11+'2023'!G11+'2024'!G11+'2025'!G11 -> 24 | H11: ='2021'!H11+'2022'!H11+'2023'!H11+'2024'!H11+'2025'!H11 -> 66 | I11: ='2021'!I11+'2022'!I11+'2023'!I11+'2024'!I11+'2025'!I11 -> 130 | J11: C2
A12: 11 | B12: Banten | C12: ='2021'!C12+'2022'!C12+'2023'!C12+'2024'!C12+'2025'!C12 -> 1728 | D12: ='2021'!D12+'2022'!D12+'2023'!D12+'2024'!D12+'2025'!D12 -> 1985 | E12: ='2021'!E12+'2022'!E12+'2023'!E12+'2024'!E12+'2025'!E12 -> 2634 | F12: ='2021'!F12+'2022'!F12+'2023'!F12+'2024'!F12+'2025'!F12 -> 52 | G12: ='2021'!G12+'2022'!G12+'2023'!G12+'2024'!G12+'2025'!G12 -> 70 | H12: ='2021'!H12+'2022'!H12+'2023'!H12+'2024'!H12+'2025'!H12 -> 277 | I12: ='2021'!I12+'2022'!I12+'2023'!I12+'2024'!I12+'2025'!I12 -> 359 | J12: C3
A13: 12 | B13: Jakarta | C13: ='2021'!C13+'2022'!C13+'2023'!C13+'2024'!C13+'2025'!C13 -> 2968 | D13: ='2021'!D13+'2022'!D13+'2023'!D13+'2024'!D13+'2025'!D13 -> 2922 | E13: ='2021'!E13+'2022'!E13+'2023'!E13+'2024'!E13+'2025'!E13 -> 2945 | F13: ='2021'!F13+'2022'!F13+'2023'!F13+'2024'!F13+'2025'!F13 -> 136 | G13: ='2021'!G13+'2022'!G13+'2023'!G13+'2024'!G13+'2025'!G13 -> 539 | H13: ='2021'!H13+'2022'!H13+'2023'!H13+'2024'!H13+'2025'!H13 -> 330 | I13: ='2021'!I13+'2022'!I13+'2023'!I13+'2024'!I13+'2025'!I13 -> 276 | J13: C1
... A39: 38 | B39: Papua Selatan | C39: ='2021'!C39+'2022'!C39+'2023'!C39+'2024'!C39+'2025'!C39 -> 303 | D39: ='2021'!D39+'2022'!D39+'2023'!D39+'2024'!D39+'2025'!D39 -> 349 | E39: ='2021'!E39+'2022'!E39+'2023'!E39+'2024'!E39+'2025'!E39 -> 256 | F39: ='2021'!F39+'2022'!F39+'2023'!F39+'2024'!F39+'2025'!F39 -> 5 | G39: ='2021'!G39+'2022'!G39+'2023'!G39+'2024'!G39+'2025'!G39 -> 3 | H39: ='2021'!H39+'2022'!H39+'2023'!H39+'2024'!H39+'2025'!H39 -> 101 | I39: ='2021'!I39+'2022'!I39+'2023'!I39+'2024'!I39+'2025'!I39 -> 54 | J39: C2
